seed,keyword,kd,volume_bucket_us,updated,source
system data mac,system data mac storage,Easy,>1000,3 days before 2026-09-06,ahrefs.com/keyword-generator free tool
system data mac,clear system data mac,Easy,>100,3 days before 2026-09-06,ahrefs.com/keyword-generator free tool
system data mac,system data mac,Easy,>100,2026-08-23,ahrefs.com/keyword-generator free tool
system data mac,delete system data mac,Easy,>100,2026-08-10,ahrefs.com/keyword-generator free tool
system data mac,system data mac storage too large,Easy,>100,2026-08-26,ahrefs.com/keyword-generator free tool
system data mac,clean system data mac,Easy,>100,2026-08-02,ahrefs.com/keyword-generator free tool
system data mac,how to clear system data mac,Easy,<100,2026-08-20,ahrefs.com/keyword-generator free tool
system data mac,what is system data mac,Easy,<100,2026-08-22,ahrefs.com/keyword-generator free tool
system data mac,100gb system data mac,,<100,,ahrefs.com/keyword-generator free tool
mac storage full,mac storage full,Easy,<100,2026-07-09,ahrefs.com/keyword-generator free tool
mac storage full,mac storage full for no reason,Easy,<100,2026-08-12,ahrefs.com/keyword-generator free tool
mac storage full,why is my mac storage full when i have icloud,Easy,<100,2026-07-05,ahrefs.com/keyword-generator free tool
mac cleaner,mac cleaner,Hard,>1000,2026-08-26,ahrefs.com/keyword-generator free tool
mac cleaner,onyx mac cleaner,Easy,>100,2026-08-14,ahrefs.com/keyword-generator free tool
mac cleaner,free mac cleaner,Hard,>100,3 days before 2026-09-06,ahrefs.com/keyword-generator free tool
mac cleaner,best mac cleaner,Medium,>100,2026-08-14,ahrefs.com/keyword-generator free tool
mac cleaner,mac cleaner free,Medium,>100,2026-08-18,ahrefs.com/keyword-generator free tool
mac cleaner,mac cleaner pro,Medium,>100,2026-07-05,ahrefs.com/keyword-generator free tool
mac cleaner,best free mac cleaner,Easy,>100,2026-08-07,ahrefs.com/keyword-generator free tool
mac cleaner,mac cleaner app,Medium,>100,2026-08-18,ahrefs.com/keyword-generator free tool
mac cleaner,mac cleaner software,Medium,<100,2026-08-09,ahrefs.com/keyword-generator free tool
disk space analyzer mac,disk space analyzer mac,Medium,>100,2026-08-24,ahrefs.com/keyword-generator free tool
disk space analyzer mac,free disk space analyzer mac,,<100,,ahrefs.com/keyword-generator free tool
disk space analyzer mac,best disk space analyzer mac 2026,,<100,,ahrefs.com/keyword-generator free tool
mail taking up space mac,mail taking up space mac,,<100,,ahrefs.com/keyword-generator free tool
homebrew cache,clear homebrew cache,,<100,,ahrefs.com/keyword-generator free tool
homebrew cache,homebrew cache location macos,,<100,,ahrefs.com/keyword-generator free tool
not enough space update mac,(no ideas returned for this phrasing),,,,ahrefs.com/keyword-generator free tool
npm cache,npm cache clean,Easy,>100,2026-07-04,ahrefs.com/keyword-generator free tool
npm cache,clear npm cache,Easy,>100,2026-08-18,ahrefs.com/keyword-generator free tool
npm cache,how to clear npm cache,Easy,>100,3 days before 2026-09-06,ahrefs.com/keyword-generator free tool
npm cache,npm cache clear,Easy,>100,2026-08-22,ahrefs.com/keyword-generator free tool
npm cache,npm cache clean --force,Easy,<100,2026-08-23,ahrefs.com/keyword-generator free tool
npm cache,npm cache location,,<100,2026-08-04,ahrefs.com/keyword-generator free tool
messages taking up space mac,(no ideas returned),,,,ahrefs.com/keyword-generator free tool
google drive taking up space mac,(no ideas returned),,,,ahrefs.com/keyword-generator free tool
clear system data mac terminal,clear system data mac terminal,,<100,,ahrefs.com/keyword-generator free tool
