suggestion,source,retrieved,locale
adobe cache files mac,google-autocomplete,2026-09-24,hl=en gl=us
adobe cache folder mac,google-autocomplete,2026-09-24,hl=en gl=us
adobe cache mac,google-autocomplete,2026-09-24,hl=en gl=us
adobe cache mac location,google-autocomplete,2026-09-24,hl=en gl=us
adobe cache macos,google-autocomplete,2026-09-24,hl=en gl=us
android studio for mac storage,google-autocomplete,2026-09-24,hl=en gl=us
android studio mac requirements,google-autocomplete,2026-09-24,hl=en gl=us
apa itu mac,google-autocomplete,2026-09-24,hl=en gl=us
apfs container,google-autocomplete,2026-09-24,hl=en gl=us
apfs container disk,google-autocomplete,2026-09-24,hl=en gl=us
apfs container mac,google-autocomplete,2026-09-24,hl=en gl=us
apfs container meaning,google-autocomplete,2026-09-24,hl=en gl=us
apfs container reference,google-autocomplete,2026-09-24,hl=en gl=us
apfs container resize,google-autocomplete,2026-09-24,hl=en gl=us
apfs container scheme,google-autocomplete,2026-09-24,hl=en gl=us
apfs container scheme error,google-autocomplete,2026-09-24,hl=en gl=us
apfs container vs partition,google-autocomplete,2026-09-24,hl=en gl=us
apfs container vs volume,google-autocomplete,2026-09-24,hl=en gl=us
apple books storage location,google-autocomplete,2026-09-24,hl=en gl=us
apple macbook storage,google-autocomplete,2026-09-24,hl=en gl=us
apple macbook storage upgrade,google-autocomplete,2026-09-24,hl=en gl=us
apple storage macbook air,google-autocomplete,2026-09-24,hl=en gl=us
apple tv download macbook,google-autocomplete,2026-09-24,hl=en gl=us
apple tv download macbook air,google-autocomplete,2026-09-24,hl=en gl=us
apple tv download macos,google-autocomplete,2026-09-24,hl=en gl=us
apple tv downloads mac,google-autocomplete,2026-09-24,hl=en gl=us
apple tv for mac,google-autocomplete,2026-09-24,hl=en gl=us
apple tv for mac mini,google-autocomplete,2026-09-24,hl=en gl=us
apple tv for macbook,google-autocomplete,2026-09-24,hl=en gl=us
apple tv for macbook air,google-autocomplete,2026-09-24,hl=en gl=us
apple tv for macbook pro,google-autocomplete,2026-09-24,hl=en gl=us
apple tv for macos,google-autocomplete,2026-09-24,hl=en gl=us
apple.developer storage,google-autocomplete,2026-09-24,hl=en gl=us
bootcamp external storage device attached,google-autocomplete,2026-09-24,hl=en gl=us
bootcamp mac storage,google-autocomplete,2026-09-24,hl=en gl=us
bootcamp more storage,google-autocomplete,2026-09-24,hl=en gl=us
bootcamp remove external storage,google-autocomplete,2026-09-24,hl=en gl=us
bootcamp storage,google-autocomplete,2026-09-24,hl=en gl=us
bootcamp storage change,google-autocomplete,2026-09-24,hl=en gl=us
bootcamp storage full,google-autocomplete,2026-09-24,hl=en gl=us
bootcamp storage space,google-autocomplete,2026-09-24,hl=en gl=us
borrar cache davinci resolve mac,google-autocomplete,2026-09-24,hl=en gl=us
cache files on mac,google-autocomplete,2026-09-24,hl=en gl=us
cache safari mac 12.7,google-autocomplete,2026-09-24,hl=en gl=us
can i delete spotify cache mac,google-autocomplete,2026-09-24,hl=en gl=us
can i use telegram on macbook,google-autocomplete,2026-09-24,hl=en gl=us
can we run android studio on mac,google-autocomplete,2026-09-24,hl=en gl=us
can you download android studio on mac,google-autocomplete,2026-09-24,hl=en gl=us
check onedrive storage mac,google-autocomplete,2026-09-24,hl=en gl=us
check startup disk space mac,google-autocomplete,2026-09-24,hl=en gl=us
chrome cache mac,google-autocomplete,2026-09-24,hl=en gl=us
chrome cache mac location,google-autocomplete,2026-09-24,hl=en gl=us
chrome cache macbook,google-autocomplete,2026-09-24,hl=en gl=us
chrome cache macos,google-autocomplete,2026-09-24,hl=en gl=us
chrome cache viewer mac,google-autocomplete,2026-09-24,hl=en gl=us
chrome mac cache clear,google-autocomplete,2026-09-24,hl=en gl=us
chrome mac cache folder,google-autocomplete,2026-09-24,hl=en gl=us
clean gradle cache mac,google-autocomplete,2026-09-24,hl=en gl=us
clean lightroom cache mac,google-autocomplete,2026-09-24,hl=en gl=us
cleanmymac alternative cli,google-autocomplete,2026-09-24,hl=en gl=us
cleanmymac alternative for iphone,google-autocomplete,2026-09-24,hl=en gl=us
cleanmymac alternative for mac,google-autocomplete,2026-09-24,hl=en gl=us
cleanmymac alternative for windows,google-autocomplete,2026-09-24,hl=en gl=us
cleanmymac alternative free reddit,google-autocomplete,2026-09-24,hl=en gl=us
cleanmymac alternative github,google-autocomplete,2026-09-24,hl=en gl=us
cleanmymac alternative open source,google-autocomplete,2026-09-24,hl=en gl=us
cleanmymac alternative reddit,google-autocomplete,2026-09-24,hl=en gl=us
cleanmymac alternatives,google-autocomplete,2026-09-24,hl=en gl=us
cleanmymac.alternative 2026,google-autocomplete,2026-09-24,hl=en gl=us
clear adobe cache mac,google-autocomplete,2026-09-24,hl=en gl=us
clear adobe cache macbook,google-autocomplete,2026-09-24,hl=en gl=us
clear adobe cache macos,google-autocomplete,2026-09-24,hl=en gl=us
clear cache firefox mac shortcut,google-autocomplete,2026-09-24,hl=en gl=us
clear cache mac,google-autocomplete,2026-09-24,hl=en gl=us
clear cache mac chrome,google-autocomplete,2026-09-24,hl=en gl=us
clear cache mac safari,google-autocomplete,2026-09-24,hl=en gl=us
clear cache mac shortcut,google-autocomplete,2026-09-24,hl=en gl=us
clear cache macbook,google-autocomplete,2026-09-24,hl=en gl=us
clear cache macbook air,google-autocomplete,2026-09-24,hl=en gl=us
clear cache macbook chrome,google-autocomplete,2026-09-24,hl=en gl=us
clear cache macbook pro,google-autocomplete,2026-09-24,hl=en gl=us
clear cache macbook safari,google-autocomplete,2026-09-24,hl=en gl=us
clear cache macos,google-autocomplete,2026-09-24,hl=en gl=us
clear cache slack mac,google-autocomplete,2026-09-24,hl=en gl=us
clear chrome cache macbook,google-autocomplete,2026-09-24,hl=en gl=us
clear chrome cache macos,google-autocomplete,2026-09-24,hl=en gl=us
clear davinci resolve cache,google-autocomplete,2026-09-24,hl=en gl=us
clear davinci resolve cache mac,google-autocomplete,2026-09-24,hl=en gl=us
clear firefox cache mac,google-autocomplete,2026-09-24,hl=en gl=us
clear firefox cache macbook,google-autocomplete,2026-09-24,hl=en gl=us
clear gradle cache mac,google-autocomplete,2026-09-24,hl=en gl=us
clear gradle cache macos,google-autocomplete,2026-09-24,hl=en gl=us
clear library caches mac,google-autocomplete,2026-09-24,hl=en gl=us
clear lightroom cache mac,google-autocomplete,2026-09-24,hl=en gl=us
clear media cache premiere mac,google-autocomplete,2026-09-24,hl=en gl=us
clear pip cache mac,google-autocomplete,2026-09-24,hl=en gl=us
clear pip cache macos,google-autocomplete,2026-09-24,hl=en gl=us
clear premiere cache mac,google-autocomplete,2026-09-24,hl=en gl=us
clear slack app cache mac,google-autocomplete,2026-09-24,hl=en gl=us
clear slack cache mac,google-autocomplete,2026-09-24,hl=en gl=us
clear spotify cache mac,google-autocomplete,2026-09-24,hl=en gl=us
clear spotify cache macbook,google-autocomplete,2026-09-24,hl=en gl=us
clear teams cache mac,google-autocomplete,2026-09-24,hl=en gl=us
clear teams cache macbook,google-autocomplete,2026-09-24,hl=en gl=us
clear whatsapp storage mac,google-autocomplete,2026-09-24,hl=en gl=us
cocoapods binary cache next,google-autocomplete,2026-09-24,hl=en gl=us
cocoapods cache,google-autocomplete,2026-09-24,hl=en gl=us
cocoapods cache clean,google-autocomplete,2026-09-24,hl=en gl=us
cocoapods cache clear,google-autocomplete,2026-09-24,hl=en gl=us
cocoapods cache directory,google-autocomplete,2026-09-24,hl=en gl=us
cocoapods cache location,google-autocomplete,2026-09-24,hl=en gl=us
cocoapods cache path,google-autocomplete,2026-09-24,hl=en gl=us
cocoapods-binary-cache,google-autocomplete,2026-09-24,hl=en gl=us
como limpar cache lightroom mac,google-autocomplete,2026-09-24,hl=en gl=us
conda mac,google-autocomplete,2026-09-24,hl=en gl=us
conda mac brew,google-autocomplete,2026-09-24,hl=en gl=us
conda mac download,google-autocomplete,2026-09-24,hl=en gl=us
conda mac install,google-autocomplete,2026-09-24,hl=en gl=us
conda mac m1,google-autocomplete,2026-09-24,hl=en gl=us
conda macbook,google-autocomplete,2026-09-24,hl=en gl=us
conda macos,google-autocomplete,2026-09-24,hl=en gl=us
conda macos brew,google-autocomplete,2026-09-24,hl=en gl=us
conda macos install,google-autocomplete,2026-09-24,hl=en gl=us
conda macs2,google-autocomplete,2026-09-24,hl=en gl=us
daisydisk alternative,google-autocomplete,2026-09-24,hl=en gl=us
daisydisk alternative free,google-autocomplete,2026-09-24,hl=en gl=us
daisydisk alternative github,google-autocomplete,2026-09-24,hl=en gl=us
daisydisk alternative mac,google-autocomplete,2026-09-24,hl=en gl=us
daisydisk alternative mac free,google-autocomplete,2026-09-24,hl=en gl=us
daisydisk alternative mac reddit,google-autocomplete,2026-09-24,hl=en gl=us
daisydisk alternative macos,google-autocomplete,2026-09-24,hl=en gl=us
daisydisk alternative open source,google-autocomplete,2026-09-24,hl=en gl=us
daisydisk alternative reddit,google-autocomplete,2026-09-24,hl=en gl=us
daisydisk alternative windows,google-autocomplete,2026-09-24,hl=en gl=us
davinci resolve cache folder mac,google-autocomplete,2026-09-24,hl=en gl=us
davinci resolve cache leeren mac,google-autocomplete,2026-09-24,hl=en gl=us
davinci resolve cache location mac,google-autocomplete,2026-09-24,hl=en gl=us
davinci resolve cache location macos,google-autocomplete,2026-09-24,hl=en gl=us
davinci resolve cache location update required mac,google-autocomplete,2026-09-24,hl=en gl=us
davinci resolve cache mac,google-autocomplete,2026-09-24,hl=en gl=us
davinci resolve render cache location mac,google-autocomplete,2026-09-24,hl=en gl=us
delete adobe cache mac,google-autocomplete,2026-09-24,hl=en gl=us
delete apps on mac,google-autocomplete,2026-09-24,hl=en gl=us
delete apps on mac air,google-autocomplete,2026-09-24,hl=en gl=us
delete apps on mac desktop,google-autocomplete,2026-09-24,hl=en gl=us
delete apps on mac mini,google-autocomplete,2026-09-24,hl=en gl=us
delete apps on mac neo,google-autocomplete,2026-09-24,hl=en gl=us
delete apps on macbook,google-autocomplete,2026-09-24,hl=en gl=us
delete apps on macbook air,google-autocomplete,2026-09-24,hl=en gl=us
delete apps on macbook neo,google-autocomplete,2026-09-24,hl=en gl=us
delete apps on macbook pro,google-autocomplete,2026-09-24,hl=en gl=us
delete apps on macos,google-autocomplete,2026-09-24,hl=en gl=us
delete cache mac,google-autocomplete,2026-09-24,hl=en gl=us
delete cache mac chrome,google-autocomplete,2026-09-24,hl=en gl=us
delete cache mac safari,google-autocomplete,2026-09-24,hl=en gl=us
delete cache mac shortcut,google-autocomplete,2026-09-24,hl=en gl=us
delete cache macbook,google-autocomplete,2026-09-24,hl=en gl=us
delete cache macbook air,google-autocomplete,2026-09-24,hl=en gl=us
delete cache macbook chrome,google-autocomplete,2026-09-24,hl=en gl=us
delete cache macbook pro,google-autocomplete,2026-09-24,hl=en gl=us
delete cache macbook safari,google-autocomplete,2026-09-24,hl=en gl=us
delete cache macos,google-autocomplete,2026-09-24,hl=en gl=us
delete chrome cache mac,google-autocomplete,2026-09-24,hl=en gl=us
delete cocoapods cache,google-autocomplete,2026-09-24,hl=en gl=us
delete duplicate files mac,google-autocomplete,2026-09-24,hl=en gl=us
delete gradle cache mac,google-autocomplete,2026-09-24,hl=en gl=us
delete large files mac,google-autocomplete,2026-09-24,hl=en gl=us
delete premiere cache mac,google-autocomplete,2026-09-24,hl=en gl=us
delete spotify cache mac,google-autocomplete,2026-09-24,hl=en gl=us
delete time machine backups,google-autocomplete,2026-09-24,hl=en gl=us
delete time machine backups and start over,google-autocomplete,2026-09-24,hl=en gl=us
delete time machine backups from external hard drive,google-autocomplete,2026-09-24,hl=en gl=us
delete time machine backups from nas,google-autocomplete,2026-09-24,hl=en gl=us
delete time machine backups manually,google-autocomplete,2026-09-24,hl=en gl=us
delete time machine backups on mac,google-autocomplete,2026-09-24,hl=en gl=us
delete time machine backups sequoia,google-autocomplete,2026-09-24,hl=en gl=us
delete time machine backups synology,google-autocomplete,2026-09-24,hl=en gl=us
delete time machine backups terminal,google-autocomplete,2026-09-24,hl=en gl=us
delete time machine backups tmutil,google-autocomplete,2026-09-24,hl=en gl=us
disk storage mac,google-autocomplete,2026-09-24,hl=en gl=us
disk storage macbook,google-autocomplete,2026-09-24,hl=en gl=us
disk storage macbook air,google-autocomplete,2026-09-24,hl=en gl=us
disk storage macos,google-autocomplete,2026-09-24,hl=en gl=us
do macbooks have good storage,google-autocomplete,2026-09-24,hl=en gl=us
docker desktop mac disk usage,google-autocomplete,2026-09-24,hl=en gl=us
docker for mac alternatives,google-autocomplete,2026-09-24,hl=en gl=us
docker mac disk space,google-autocomplete,2026-09-24,hl=en gl=us
docker mac disk usage,google-autocomplete,2026-09-24,hl=en gl=us
docker mac external disk,google-autocomplete,2026-09-24,hl=en gl=us
dropbox mac cloud storage,google-autocomplete,2026-09-24,hl=en gl=us
dropbox mac storage,google-autocomplete,2026-09-24,hl=en gl=us
du command examples,google-autocomplete,2026-09-24,hl=en gl=us
du command mac,google-autocomplete,2026-09-24,hl=en gl=us
du command not found mac,google-autocomplete,2026-09-24,hl=en gl=us
duplicate file mac shortcut,google-autocomplete,2026-09-24,hl=en gl=us
duplicate file mac terminal,google-autocomplete,2026-09-24,hl=en gl=us
duplicate files mac,google-autocomplete,2026-09-24,hl=en gl=us
duplicate files mac free,google-autocomplete,2026-09-24,hl=en gl=us
duplicate files mac reddit,google-autocomplete,2026-09-24,hl=en gl=us
duplicate files macbook,google-autocomplete,2026-09-24,hl=en gl=us
expand bootcamp storage,google-autocomplete,2026-09-24,hl=en gl=us
external drive mac,google-autocomplete,2026-09-24,hl=en gl=us
external drive mac compatible,google-autocomplete,2026-09-24,hl=en gl=us
external drive mac format,google-autocomplete,2026-09-24,hl=en gl=us
external drive mac mini,google-autocomplete,2026-09-24,hl=en gl=us
external drive mac not showing up,google-autocomplete,2026-09-24,hl=en gl=us
external drive macbook,google-autocomplete,2026-09-24,hl=en gl=us
external drive macbook air,google-autocomplete,2026-09-24,hl=en gl=us
external drive macbook neo,google-autocomplete,2026-09-24,hl=en gl=us
external drive macbook pro,google-autocomplete,2026-09-24,hl=en gl=us
external drive macos,google-autocomplete,2026-09-24,hl=en gl=us
final cut pro some storage locations for the library are unavailable,google-autocomplete,2026-09-24,hl=en gl=us
final cut pro storage,google-autocomplete,2026-09-24,hl=en gl=us
final cut pro storage device is almost full,google-autocomplete,2026-09-24,hl=en gl=us
final cut pro storage full,google-autocomplete,2026-09-24,hl=en gl=us
final cut pro storage location,google-autocomplete,2026-09-24,hl=en gl=us
final cut pro storage location no longer available,google-autocomplete,2026-09-24,hl=en gl=us
final cut pro storage management,google-autocomplete,2026-09-24,hl=en gl=us
final cut pro storage problem,google-autocomplete,2026-09-24,hl=en gl=us
final cut pro storage requirements,google-autocomplete,2026-09-24,hl=en gl=us
final cut pro storage space,google-autocomplete,2026-09-24,hl=en gl=us
find duplicate files mac,google-autocomplete,2026-09-24,hl=en gl=us
find duplicate files macos,google-autocomplete,2026-09-24,hl=en gl=us
find large files mac,google-autocomplete,2026-09-24,hl=en gl=us
find large files macbook,google-autocomplete,2026-09-24,hl=en gl=us
find large files macos,google-autocomplete,2026-09-24,hl=en gl=us
firefox cache folder mac,google-autocomplete,2026-09-24,hl=en gl=us
firefox cache mac,google-autocomplete,2026-09-24,hl=en gl=us
firefox cache macos,google-autocomplete,2026-09-24,hl=en gl=us
firefox cache viewer mac,google-autocomplete,2026-09-24,hl=en gl=us
firefox clear cache macos,google-autocomplete,2026-09-24,hl=en gl=us
firefox mac cache location,google-autocomplete,2026-09-24,hl=en gl=us
firefox refresh cache mac,google-autocomplete,2026-09-24,hl=en gl=us
flight simulator games for mac,google-autocomplete,2026-09-24,hl=en gl=us
free mac cleaner,google-autocomplete,2026-09-24,hl=en gl=us
free mac cleaner app,google-autocomplete,2026-09-24,hl=en gl=us
free mac cleaner app reddit,google-autocomplete,2026-09-24,hl=en gl=us
free mac cleaner download,google-autocomplete,2026-09-24,hl=en gl=us
free mac cleaner github,google-autocomplete,2026-09-24,hl=en gl=us
free mac cleaner onyx,google-autocomplete,2026-09-24,hl=en gl=us
free mac cleaner open source,google-autocomplete,2026-09-24,hl=en gl=us
free mac cleaner reddit,google-autocomplete,2026-09-24,hl=en gl=us
free mac cleaner software,google-autocomplete,2026-09-24,hl=en gl=us
free mac cleaner tool,google-autocomplete,2026-09-24,hl=en gl=us
garageband app store mac,google-autocomplete,2026-09-24,hl=en gl=us
google drive mac storage,google-autocomplete,2026-09-24,hl=en gl=us
gradle cache folder mac,google-autocomplete,2026-09-24,hl=en gl=us
gradle cache location mac,google-autocomplete,2026-09-24,hl=en gl=us
gradle cache mac,google-autocomplete,2026-09-24,hl=en gl=us
how do i check mac storage,google-autocomplete,2026-09-24,hl=en gl=us
how much space does steam take up on mac,google-autocomplete,2026-09-24,hl=en gl=us
how to clean adobe cache on mac,google-autocomplete,2026-09-24,hl=en gl=us
how to free up drive space on mac,google-autocomplete,2026-09-24,hl=en gl=us
how to free up space on mac,google-autocomplete,2026-09-24,hl=en gl=us
how to free up space on mac disk,google-autocomplete,2026-09-24,hl=en gl=us
how to free up space on mac hard drive,google-autocomplete,2026-09-24,hl=en gl=us
how to free up space on mac system data,google-autocomplete,2026-09-24,hl=en gl=us
how to free up space on mac to install update,google-autocomplete,2026-09-24,hl=en gl=us
how to free up space on macbook,google-autocomplete,2026-09-24,hl=en gl=us
how to free up space on macbook air,google-autocomplete,2026-09-24,hl=en gl=us
how to free up space on macbook pro,google-autocomplete,2026-09-24,hl=en gl=us
how to free up space on macintosh hd,google-autocomplete,2026-09-24,hl=en gl=us
how to free up space on macos,google-autocomplete,2026-09-24,hl=en gl=us
how to store screenshots on a mac,google-autocomplete,2026-09-24,hl=en gl=us
iphone backup mac,google-autocomplete,2026-09-24,hl=en gl=us
iphone backup mac external drive,google-autocomplete,2026-09-24,hl=en gl=us
iphone backup mac location,google-autocomplete,2026-09-24,hl=en gl=us
iphone backup mac where is it stored,google-autocomplete,2026-09-24,hl=en gl=us
iphone backup macbook,google-autocomplete,2026-09-24,hl=en gl=us
iphone backup macbook air,google-autocomplete,2026-09-24,hl=en gl=us
iphone backup macbook location,google-autocomplete,2026-09-24,hl=en gl=us
iphone backup macbook pro,google-autocomplete,2026-09-24,hl=en gl=us
iphone backup macos,google-autocomplete,2026-09-24,hl=en gl=us
iphone backup macos location,google-autocomplete,2026-09-24,hl=en gl=us
is garageband free on mac,google-autocomplete,2026-09-24,hl=en gl=us
is parallels free on mac,google-autocomplete,2026-09-24,hl=en gl=us
language files mac,google-autocomplete,2026-09-24,hl=en gl=us
large files mac,google-autocomplete,2026-09-24,hl=en gl=us
large files macos,google-autocomplete,2026-09-24,hl=en gl=us
large machinist file,google-autocomplete,2026-09-24,hl=en gl=us
largest files mac,google-autocomplete,2026-09-24,hl=en gl=us
library cache mac shortcut,google-autocomplete,2026-09-24,hl=en gl=us
library caches command mac,google-autocomplete,2026-09-24,hl=en gl=us
library caches mac,google-autocomplete,2026-09-24,hl=en gl=us
library caches mac delete,google-autocomplete,2026-09-24,hl=en gl=us
library caches mac folder,google-autocomplete,2026-09-24,hl=en gl=us
library caches macbook,google-autocomplete,2026-09-24,hl=en gl=us
library caches macbook air,google-autocomplete,2026-09-24,hl=en gl=us
library caches macos,google-autocomplete,2026-09-24,hl=en gl=us
lightroom cache leeren mac,google-autocomplete,2026-09-24,hl=en gl=us
lightroom cache location mac,google-autocomplete,2026-09-24,hl=en gl=us
lightroom cache mac,google-autocomplete,2026-09-24,hl=en gl=us
lightroom performance mac,google-autocomplete,2026-09-24,hl=en gl=us
lightroom performance mac vs windows,google-autocomplete,2026-09-24,hl=en gl=us
limit spotify cache mac,google-autocomplete,2026-09-24,hl=en gl=us
limpar cache lightroom mac,google-autocomplete,2026-09-24,hl=en gl=us
logic pro cloud storage,google-autocomplete,2026-09-24,hl=en gl=us
logic pro ipad storage,google-autocomplete,2026-09-24,hl=en gl=us
logic pro storage,google-autocomplete,2026-09-24,hl=en gl=us
logic pro storage requirements,google-autocomplete,2026-09-24,hl=en gl=us
logic pro storage size,google-autocomplete,2026-09-24,hl=en gl=us
logic pro storage space,google-autocomplete,2026-09-24,hl=en gl=us
logic pro store,google-autocomplete,2026-09-24,hl=en gl=us
logic pro store locator,google-autocomplete,2026-09-24,hl=en gl=us
logic pro x storage,google-autocomplete,2026-09-24,hl=en gl=us
logic pro x storage requirements,google-autocomplete,2026-09-24,hl=en gl=us
mac book store,google-autocomplete,2026-09-24,hl=en gl=us
mac clear log files,google-autocomplete,2026-09-24,hl=en gl=us
mac delete log files,google-autocomplete,2026-09-24,hl=en gl=us
mac developer setup,google-autocomplete,2026-09-24,hl=en gl=us
mac developer storage,google-autocomplete,2026-09-24,hl=en gl=us
mac disk space,google-autocomplete,2026-09-24,hl=en gl=us
mac disk space analyzer,google-autocomplete,2026-09-24,hl=en gl=us
mac disk space analyzer free,google-autocomplete,2026-09-24,hl=en gl=us
mac disk space analyzer github,google-autocomplete,2026-09-24,hl=en gl=us
mac disk space app,google-autocomplete,2026-09-24,hl=en gl=us
mac disk space check,google-autocomplete,2026-09-24,hl=en gl=us
mac disk space cleaner,google-autocomplete,2026-09-24,hl=en gl=us
mac disk space cleanup,google-autocomplete,2026-09-24,hl=en gl=us
mac disk space full,google-autocomplete,2026-09-24,hl=en gl=us
mac disk space utility,google-autocomplete,2026-09-24,hl=en gl=us
mac disk utility,google-autocomplete,2026-09-24,hl=en gl=us
mac disk utility erase,google-autocomplete,2026-09-24,hl=en gl=us
mac disk utility fat32,google-autocomplete,2026-09-24,hl=en gl=us
mac disk utility first aid,google-autocomplete,2026-09-24,hl=en gl=us
mac disk utility first aid failed,google-autocomplete,2026-09-24,hl=en gl=us
mac disk utility not loading,google-autocomplete,2026-09-24,hl=en gl=us
mac disk utility restore,google-autocomplete,2026-09-24,hl=en gl=us
mac disk utility secure erase,google-autocomplete,2026-09-24,hl=en gl=us
mac disk utility stuck on loading disks,google-autocomplete,2026-09-24,hl=en gl=us
mac disk utility tool,google-autocomplete,2026-09-24,hl=en gl=us
mac documents storage,google-autocomplete,2026-09-24,hl=en gl=us
mac documents storage huge,google-autocomplete,2026-09-24,hl=en gl=us
mac documents storage not adding up,google-autocomplete,2026-09-24,hl=en gl=us
mac downloads folder,google-autocomplete,2026-09-24,hl=en gl=us
mac downloads folder icloud,google-autocomplete,2026-09-24,hl=en gl=us
mac downloads folder icon,google-autocomplete,2026-09-24,hl=en gl=us
mac downloads folder in dock,google-autocomplete,2026-09-24,hl=en gl=us
mac downloads folder missing,google-autocomplete,2026-09-24,hl=en gl=us
mac downloads folder missing from dock,google-autocomplete,2026-09-24,hl=en gl=us
mac downloads folder missing from finder,google-autocomplete,2026-09-24,hl=en gl=us
mac downloads folder not updating,google-autocomplete,2026-09-24,hl=en gl=us
mac downloads folder path,google-autocomplete,2026-09-24,hl=en gl=us
mac downloads folder path terminal,google-autocomplete,2026-09-24,hl=en gl=us
mac du command,google-autocomplete,2026-09-24,hl=en gl=us
mac file storage,google-autocomplete,2026-09-24,hl=en gl=us
mac file storage system,google-autocomplete,2026-09-24,hl=en gl=us
mac file storage type,google-autocomplete,2026-09-24,hl=en gl=us
mac gradle cache,google-autocomplete,2026-09-24,hl=en gl=us
mac ios files,google-autocomplete,2026-09-24,hl=en gl=us
mac ios files location,google-autocomplete,2026-09-24,hl=en gl=us
mac ios files storage,google-autocomplete,2026-09-24,hl=en gl=us
mac ios files taking up space,google-autocomplete,2026-09-24,hl=en gl=us
mac language keyboard shortcut,google-autocomplete,2026-09-24,hl=en gl=us
mac language pack,google-autocomplete,2026-09-24,hl=en gl=us
mac language settings,google-autocomplete,2026-09-24,hl=en gl=us
mac log files,google-autocomplete,2026-09-24,hl=en gl=us
mac log files location,google-autocomplete,2026-09-24,hl=en gl=us
mac log location,google-autocomplete,2026-09-24,hl=en gl=us
mac mail log files,google-autocomplete,2026-09-24,hl=en gl=us
mac mail storage,google-autocomplete,2026-09-24,hl=en gl=us
mac mail storage delete,google-autocomplete,2026-09-24,hl=en gl=us
mac mail storage full,google-autocomplete,2026-09-24,hl=en gl=us
mac mail storage high,google-autocomplete,2026-09-24,hl=en gl=us
mac mail storage limit,google-autocomplete,2026-09-24,hl=en gl=us
mac mail storage location,google-autocomplete,2026-09-24,hl=en gl=us
mac mail storage management,google-autocomplete,2026-09-24,hl=en gl=us
mac mail storage space,google-autocomplete,2026-09-24,hl=en gl=us
mac music storage,google-autocomplete,2026-09-24,hl=en gl=us
mac onedrive cloud storage,google-autocomplete,2026-09-24,hl=en gl=us
mac onedrive cloud storage folder,google-autocomplete,2026-09-24,hl=en gl=us
mac os files,google-autocomplete,2026-09-24,hl=en gl=us
mac os storage size,google-autocomplete,2026-09-24,hl=en gl=us
mac other storage,google-autocomplete,2026-09-24,hl=en gl=us
mac other storage cleanup,google-autocomplete,2026-09-24,hl=en gl=us
mac other storage how to delete it,google-autocomplete,2026-09-24,hl=en gl=us
mac other storage is huge,google-autocomplete,2026-09-24,hl=en gl=us
mac other storage is huge reddit,google-autocomplete,2026-09-24,hl=en gl=us
mac other storage reddit,google-autocomplete,2026-09-24,hl=en gl=us
mac other storage taking up space,google-autocomplete,2026-09-24,hl=en gl=us
mac out of application memory,google-autocomplete,2026-09-24,hl=en gl=us
mac out of memory,google-autocomplete,2026-09-24,hl=en gl=us
mac out of memory error,google-autocomplete,2026-09-24,hl=en gl=us
mac out of memory frozen,google-autocomplete,2026-09-24,hl=en gl=us
mac out of memory or disk space,google-autocomplete,2026-09-24,hl=en gl=us
mac out of memory what to do,google-autocomplete,2026-09-24,hl=en gl=us
mac out of ram,google-autocomplete,2026-09-24,hl=en gl=us
mac partition recovery tool,google-autocomplete,2026-09-24,hl=en gl=us
mac photo storage solutions,google-autocomplete,2026-09-24,hl=en gl=us
mac photos app storage,google-autocomplete,2026-09-24,hl=en gl=us
mac photos app storage location,google-autocomplete,2026-09-24,hl=en gl=us
mac photos local storage,google-autocomplete,2026-09-24,hl=en gl=us
mac photos optimize storage,google-autocomplete,2026-09-24,hl=en gl=us
mac photos optimize storage not working,google-autocomplete,2026-09-24,hl=en gl=us
mac photos storage,google-autocomplete,2026-09-24,hl=en gl=us
mac photos storage location,google-autocomplete,2026-09-24,hl=en gl=us
mac purgeable,google-autocomplete,2026-09-24,hl=en gl=us
mac purgeable data,google-autocomplete,2026-09-24,hl=en gl=us
mac purgeable disk,google-autocomplete,2026-09-24,hl=en gl=us
mac purgeable disk space,google-autocomplete,2026-09-24,hl=en gl=us
mac purgeable files,google-autocomplete,2026-09-24,hl=en gl=us
mac purgeable memory,google-autocomplete,2026-09-24,hl=en gl=us
mac purgeable space,google-autocomplete,2026-09-24,hl=en gl=us
mac purgeable space delete,google-autocomplete,2026-09-24,hl=en gl=us
mac purgeable space meaning,google-autocomplete,2026-09-24,hl=en gl=us
mac purgeable storage,google-autocomplete,2026-09-24,hl=en gl=us
mac recovery drive,google-autocomplete,2026-09-24,hl=en gl=us
mac recovery partition,google-autocomplete,2026-09-24,hl=en gl=us
mac recovery partition corrupted,google-autocomplete,2026-09-24,hl=en gl=us
mac recovery partition creator,google-autocomplete,2026-09-24,hl=en gl=us
mac recovery partition deleted,google-autocomplete,2026-09-24,hl=en gl=us
mac recovery partition missing,google-autocomplete,2026-09-24,hl=en gl=us
mac restore partition,google-autocomplete,2026-09-24,hl=en gl=us
mac running out of memory,google-autocomplete,2026-09-24,hl=en gl=us
mac running slow,google-autocomplete,2026-09-24,hl=en gl=us
mac running slow after tahoe update,google-autocomplete,2026-09-24,hl=en gl=us
mac running slow after update,google-autocomplete,2026-09-24,hl=en gl=us
mac running slow all of a sudden,google-autocomplete,2026-09-24,hl=en gl=us
mac running slow and fan loud,google-autocomplete,2026-09-24,hl=en gl=us
mac running slow and hot,google-autocomplete,2026-09-24,hl=en gl=us
mac running slow fix,google-autocomplete,2026-09-24,hl=en gl=us
mac running slow how to check,google-autocomplete,2026-09-24,hl=en gl=us
mac running slow how to clean up,google-autocomplete,2026-09-24,hl=en gl=us
mac running slow what to do,google-autocomplete,2026-09-24,hl=en gl=us
mac screenshot storage location,google-autocomplete,2026-09-24,hl=en gl=us
mac startup disk full even after deleting files,google-autocomplete,2026-09-24,hl=en gl=us
mac storage,google-autocomplete,2026-09-24,hl=en gl=us
mac storage analyzer,google-autocomplete,2026-09-24,hl=en gl=us
mac storage check,google-autocomplete,2026-09-24,hl=en gl=us
mac storage cleaner,google-autocomplete,2026-09-24,hl=en gl=us
mac storage cleanup,google-autocomplete,2026-09-24,hl=en gl=us
mac storage developer command line tools,google-autocomplete,2026-09-24,hl=en gl=us
mac storage device,google-autocomplete,2026-09-24,hl=en gl=us
mac storage expansion,google-autocomplete,2026-09-24,hl=en gl=us
mac storage full,google-autocomplete,2026-09-24,hl=en gl=us
mac storage manager,google-autocomplete,2026-09-24,hl=en gl=us
mac storage music creation,google-autocomplete,2026-09-24,hl=en gl=us
mac storage photos calculating,google-autocomplete,2026-09-24,hl=en gl=us
mac storage upgrade,google-autocomplete,2026-09-24,hl=en gl=us
mac store macbook air,google-autocomplete,2026-09-24,hl=en gl=us
mac store macbook neo,google-autocomplete,2026-09-24,hl=en gl=us
mac swap,google-autocomplete,2026-09-24,hl=en gl=us
mac swap alt and windows key,google-autocomplete,2026-09-24,hl=en gl=us
mac swap control and command keys,google-autocomplete,2026-09-24,hl=en gl=us
mac swap ctrl and command,google-autocomplete,2026-09-24,hl=en gl=us
mac swap fn and ctrl,google-autocomplete,2026-09-24,hl=en gl=us
mac swap keyboard keys,google-autocomplete,2026-09-24,hl=en gl=us
mac swap loop,google-autocomplete,2026-09-24,hl=en gl=us
mac swap loop test,google-autocomplete,2026-09-24,hl=en gl=us
mac swap memory,google-autocomplete,2026-09-24,hl=en gl=us
mac swap used,google-autocomplete,2026-09-24,hl=en gl=us
mac system data,google-autocomplete,2026-09-24,hl=en gl=us
mac system data 100gb,google-autocomplete,2026-09-24,hl=en gl=us
mac system data clean,google-autocomplete,2026-09-24,hl=en gl=us
mac system data cleaner,google-autocomplete,2026-09-24,hl=en gl=us
mac system data clear,google-autocomplete,2026-09-24,hl=en gl=us
mac system data large,google-autocomplete,2026-09-24,hl=en gl=us
mac system data over 100gb,google-autocomplete,2026-09-24,hl=en gl=us
mac system data too large,google-autocomplete,2026-09-24,hl=en gl=us
mac system data too large clean,google-autocomplete,2026-09-24,hl=en gl=us
mac system data too large reddit,google-autocomplete,2026-09-24,hl=en gl=us
mac system log files,google-autocomplete,2026-09-24,hl=en gl=us
mac terminal du command,google-autocomplete,2026-09-24,hl=en gl=us
mac trash,google-autocomplete,2026-09-24,hl=en gl=us
mac trash bin,google-autocomplete,2026-09-24,hl=en gl=us
mac trash can,google-autocomplete,2026-09-24,hl=en gl=us
mac trash can computer,google-autocomplete,2026-09-24,hl=en gl=us
mac trash folder,google-autocomplete,2026-09-24,hl=en gl=us
mac trash icon,google-autocomplete,2026-09-24,hl=en gl=us
mac trash location,google-autocomplete,2026-09-24,hl=en gl=us
mac trash recovery,google-autocomplete,2026-09-24,hl=en gl=us
mac trash shortcut,google-autocomplete,2026-09-24,hl=en gl=us
mac trash won't empty,google-autocomplete,2026-09-24,hl=en gl=us
mac view log files,google-autocomplete,2026-09-24,hl=en gl=us
macbook air startup disk full how to fix,google-autocomplete,2026-09-24,hl=en gl=us
macbook air storage,google-autocomplete,2026-09-24,hl=en gl=us
macbook air storage capacity,google-autocomplete,2026-09-24,hl=en gl=us
macbook air storage check,google-autocomplete,2026-09-24,hl=en gl=us
macbook air storage cleanup,google-autocomplete,2026-09-24,hl=en gl=us
macbook air storage expansion,google-autocomplete,2026-09-24,hl=en gl=us
macbook air storage full,google-autocomplete,2026-09-24,hl=en gl=us
macbook air storage options,google-autocomplete,2026-09-24,hl=en gl=us
macbook air storage size,google-autocomplete,2026-09-24,hl=en gl=us
macbook air storage space,google-autocomplete,2026-09-24,hl=en gl=us
macbook air storage upgrade,google-autocomplete,2026-09-24,hl=en gl=us
macbook developer storage,google-autocomplete,2026-09-24,hl=en gl=us
macbook documents storage,google-autocomplete,2026-09-24,hl=en gl=us
macbook file storage,google-autocomplete,2026-09-24,hl=en gl=us
macbook hard drive full,google-autocomplete,2026-09-24,hl=en gl=us
macbook ios files,google-autocomplete,2026-09-24,hl=en gl=us
macbook ios files location,google-autocomplete,2026-09-24,hl=en gl=us
macbook ios files storage,google-autocomplete,2026-09-24,hl=en gl=us
macbook log files,google-autocomplete,2026-09-24,hl=en gl=us
macbook mail storage,google-autocomplete,2026-09-24,hl=en gl=us
macbook mail storage delete,google-autocomplete,2026-09-24,hl=en gl=us
macbook memory full,google-autocomplete,2026-09-24,hl=en gl=us
macbook other storage,google-autocomplete,2026-09-24,hl=en gl=us
macbook other storage is huge,google-autocomplete,2026-09-24,hl=en gl=us
macbook photos storage,google-autocomplete,2026-09-24,hl=en gl=us
macbook pro out of memory,google-autocomplete,2026-09-24,hl=en gl=us
macbook pro out of memory error,google-autocomplete,2026-09-24,hl=en gl=us
macbook pro storage,google-autocomplete,2026-09-24,hl=en gl=us
macbook pro storage capacity,google-autocomplete,2026-09-24,hl=en gl=us
macbook pro storage expansion,google-autocomplete,2026-09-24,hl=en gl=us
macbook pro storage full,google-autocomplete,2026-09-24,hl=en gl=us
macbook pro storage options,google-autocomplete,2026-09-24,hl=en gl=us
macbook pro storage size,google-autocomplete,2026-09-24,hl=en gl=us
macbook pro storage space,google-autocomplete,2026-09-24,hl=en gl=us
macbook pro storage system data,google-autocomplete,2026-09-24,hl=en gl=us
macbook pro storage upgrade,google-autocomplete,2026-09-24,hl=en gl=us
macbook pro storage upgrade service,google-autocomplete,2026-09-24,hl=en gl=us
macbook recovery partition,google-autocomplete,2026-09-24,hl=en gl=us
macbook screenshot storage,google-autocomplete,2026-09-24,hl=en gl=us
macbook storage full,google-autocomplete,2026-09-24,hl=en gl=us
macbook storage full but no files,google-autocomplete,2026-09-24,hl=en gl=us
macbook storage full can't delete,google-autocomplete,2026-09-24,hl=en gl=us
macbook storage full from messages,google-autocomplete,2026-09-24,hl=en gl=us
macbook storage full reddit,google-autocomplete,2026-09-24,hl=en gl=us
macbook storage full system data,google-autocomplete,2026-09-24,hl=en gl=us
macbook storage full what to do,google-autocomplete,2026-09-24,hl=en gl=us
macbook storage full.other,google-autocomplete,2026-09-24,hl=en gl=us
macbook storage music creation,google-autocomplete,2026-09-24,hl=en gl=us
macbook whatsapp storage,google-autocomplete,2026-09-24,hl=en gl=us
macos developer storage,google-autocomplete,2026-09-24,hl=en gl=us
macos docker disk space,google-autocomplete,2026-09-24,hl=en gl=us
macos du command not found,google-autocomplete,2026-09-24,hl=en gl=us
macos duplicate files,google-autocomplete,2026-09-24,hl=en gl=us
macos file storage,google-autocomplete,2026-09-24,hl=en gl=us
macos file storage structure,google-autocomplete,2026-09-24,hl=en gl=us
macos ios files,google-autocomplete,2026-09-24,hl=en gl=us
macos ios files location,google-autocomplete,2026-09-24,hl=en gl=us
macos log files,google-autocomplete,2026-09-24,hl=en gl=us
macos ncdu alternative,google-autocomplete,2026-09-24,hl=en gl=us
macos other storage,google-autocomplete,2026-09-24,hl=en gl=us
macos screenshot storage location,google-autocomplete,2026-09-24,hl=en gl=us
macos sleepimage file,google-autocomplete,2026-09-24,hl=en gl=us
microsoft teams cache mac,google-autocomplete,2026-09-24,hl=en gl=us
mineral mining simulator storage machine,google-autocomplete,2026-09-24,hl=en gl=us
my startup disk is full macbook air,google-autocomplete,2026-09-24,hl=en gl=us
ncdu command mac,google-autocomplete,2026-09-24,hl=en gl=us
ncdu mac,google-autocomplete,2026-09-24,hl=en gl=us
ncdu mac alternative,google-autocomplete,2026-09-24,hl=en gl=us
ncdu mac binary,google-autocomplete,2026-09-24,hl=en gl=us
ncdu mac install,google-autocomplete,2026-09-24,hl=en gl=us
ncdu macbook,google-autocomplete,2026-09-24,hl=en gl=us
ncdu macos,google-autocomplete,2026-09-24,hl=en gl=us
ncdu macos binary,google-autocomplete,2026-09-24,hl=en gl=us
ncdu macos install,google-autocomplete,2026-09-24,hl=en gl=us
ollama mac model directory,google-autocomplete,2026-09-24,hl=en gl=us
ollama mac model folder,google-autocomplete,2026-09-24,hl=en gl=us
ollama mac model path,google-autocomplete,2026-09-24,hl=en gl=us
ollama mac models location,google-autocomplete,2026-09-24,hl=en gl=us
ollama macos model location,google-autocomplete,2026-09-24,hl=en gl=us
ollama models mac,google-autocomplete,2026-09-24,hl=en gl=us
ollama models mac mini,google-autocomplete,2026-09-24,hl=en gl=us
ollama models mac mini m4,google-autocomplete,2026-09-24,hl=en gl=us
ollama models macbook,google-autocomplete,2026-09-24,hl=en gl=us
ollama models macos,google-autocomplete,2026-09-24,hl=en gl=us
omnidisksweeper,google-autocomplete,2026-09-24,hl=en gl=us
omnidisksweeper download,google-autocomplete,2026-09-24,hl=en gl=us
omnidisksweeper how to use,google-autocomplete,2026-09-24,hl=en gl=us
omnidisksweeper mac,google-autocomplete,2026-09-24,hl=en gl=us
omnidisksweeper mac download,google-autocomplete,2026-09-24,hl=en gl=us
omnidisksweeper macos,google-autocomplete,2026-09-24,hl=en gl=us
omnidisksweeper reddit,google-autocomplete,2026-09-24,hl=en gl=us
omnidisksweeper review,google-autocomplete,2026-09-24,hl=en gl=us
omnidisksweeper safe,google-autocomplete,2026-09-24,hl=en gl=us
omnidisksweeper windows,google-autocomplete,2026-09-24,hl=en gl=us
onedrive free up space not working mac,google-autocomplete,2026-09-24,hl=en gl=us
onedrive mac storage location,google-autocomplete,2026-09-24,hl=en gl=us
onedrive storage for.mac,google-autocomplete,2026-09-24,hl=en gl=us
onedrive taking up space on mac,google-autocomplete,2026-09-24,hl=en gl=us
osx recovery partition,google-autocomplete,2026-09-24,hl=en gl=us
parallels desktop for mac storage,google-autocomplete,2026-09-24,hl=en gl=us
parallels for mac lifetime,google-autocomplete,2026-09-24,hl=en gl=us
parallels mac storage,google-autocomplete,2026-09-24,hl=en gl=us
pip cache location,google-autocomplete,2026-09-24,hl=en gl=us
pip cache mac,google-autocomplete,2026-09-24,hl=en gl=us
pip cache macos,google-autocomplete,2026-09-24,hl=en gl=us
premiere cache location mac,google-autocomplete,2026-09-24,hl=en gl=us
premiere cache mac,google-autocomplete,2026-09-24,hl=en gl=us
premiere pro cache folder mac,google-autocomplete,2026-09-24,hl=en gl=us
premiere pro cache location mac,google-autocomplete,2026-09-24,hl=en gl=us
premiere pro cache mac,google-autocomplete,2026-09-24,hl=en gl=us
premiere pro clear cache mac,google-autocomplete,2026-09-24,hl=en gl=us
premiere pro media cache mac,google-autocomplete,2026-09-24,hl=en gl=us
pure storage bootcamp,google-autocomplete,2026-09-24,hl=en gl=us
reset cocoapods cache,google-autocomplete,2026-09-24,hl=en gl=us
reset slack cache mac,google-autocomplete,2026-09-24,hl=en gl=us
reset teams cache mac,google-autocomplete,2026-09-24,hl=en gl=us
safari cache mac,google-autocomplete,2026-09-24,hl=en gl=us
safari cache mac leeren,google-autocomplete,2026-09-24,hl=en gl=us
safari cache mac lschen,google-autocomplete,2026-09-24,hl=en gl=us
safari cache macbook,google-autocomplete,2026-09-24,hl=en gl=us
safari cache macbook lschen,google-autocomplete,2026-09-24,hl=en gl=us
safari cache macos,google-autocomplete,2026-09-24,hl=en gl=us
safari cache macos lschen,google-autocomplete,2026-09-24,hl=en gl=us
safari mac cache clear,google-autocomplete,2026-09-24,hl=en gl=us
safari mac cache delete,google-autocomplete,2026-09-24,hl=en gl=us
screenshot mac storage,google-autocomplete,2026-09-24,hl=en gl=us
search large files mac,google-autocomplete,2026-09-24,hl=en gl=us
slack cache location mac,google-autocomplete,2026-09-24,hl=en gl=us
slack cache mac,google-autocomplete,2026-09-24,hl=en gl=us
slack not working on mac,google-autocomplete,2026-09-24,hl=en gl=us
sleepimage document mac,google-autocomplete,2026-09-24,hl=en gl=us
sleepimage mac,google-autocomplete,2026-09-24,hl=en gl=us
sleepimage mac delete,google-autocomplete,2026-09-24,hl=en gl=us
sleepimage mac file,google-autocomplete,2026-09-24,hl=en gl=us
sleepimage macbook,google-autocomplete,2026-09-24,hl=en gl=us
sleepimage macos,google-autocomplete,2026-09-24,hl=en gl=us
spotify cache location mac,google-autocomplete,2026-09-24,hl=en gl=us
spotify cache mac,google-autocomplete,2026-09-24,hl=en gl=us
spotify cache macbook,google-autocomplete,2026-09-24,hl=en gl=us
spotify cache macos,google-autocomplete,2026-09-24,hl=en gl=us
spotify persistent cache mac,google-autocomplete,2026-09-24,hl=en gl=us
startup disk almost full mac,google-autocomplete,2026-09-24,hl=en gl=us
startup disk full fixer mac,google-autocomplete,2026-09-24,hl=en gl=us
startup disk full mac,google-autocomplete,2026-09-24,hl=en gl=us
startup disk full mac won t start,google-autocomplete,2026-09-24,hl=en gl=us
startup disk full macbook,google-autocomplete,2026-09-24,hl=en gl=us
startup disk is full mac how to fix,google-autocomplete,2026-09-24,hl=en gl=us
steam mac requirements,google-autocomplete,2026-09-24,hl=en gl=us
steam mac storage,google-autocomplete,2026-09-24,hl=en gl=us
storage simulator mac,google-autocomplete,2026-09-24,hl=en gl=us
svuotare cache lightroom mac,google-autocomplete,2026-09-24,hl=en gl=us
teams cache mac,google-autocomplete,2026-09-24,hl=en gl=us
teams cache mac clear,google-autocomplete,2026-09-24,hl=en gl=us
teams cache mac location,google-autocomplete,2026-09-24,hl=en gl=us
teams cache macbook,google-autocomplete,2026-09-24,hl=en gl=us
teams cache macos,google-autocomplete,2026-09-24,hl=en gl=us
teams macos cache clear,google-autocomplete,2026-09-24,hl=en gl=us
telegram storage location mac,google-autocomplete,2026-09-24,hl=en gl=us
time capsule delete old backups,google-autocomplete,2026-09-24,hl=en gl=us
time machine delete all backups,google-autocomplete,2026-09-24,hl=en gl=us
time machine delete all backups of selected files,google-autocomplete,2026-09-24,hl=en gl=us
time machine delete backups older than,google-autocomplete,2026-09-24,hl=en gl=us
time machine delete old backups,google-autocomplete,2026-09-24,hl=en gl=us
time machine delete old backups automatically,google-autocomplete,2026-09-24,hl=en gl=us
time machine delete old backups from another computer,google-autocomplete,2026-09-24,hl=en gl=us
time machine delete older backups,google-autocomplete,2026-09-24,hl=en gl=us
time machine remove old backups,google-autocomplete,2026-09-24,hl=en gl=us
time machine remove old backups manually,google-autocomplete,2026-09-24,hl=en gl=us
unzip large files mac,google-autocomplete,2026-09-24,hl=en gl=us
use telegram as storage,google-autocomplete,2026-09-24,hl=en gl=us
user library caches mac,google-autocomplete,2026-09-24,hl=en gl=us
utm mac storage location,google-autocomplete,2026-09-24,hl=en gl=us
var vm sleepimage mac,google-autocomplete,2026-09-24,hl=en gl=us
vm sleepimage mac,google-autocomplete,2026-09-24,hl=en gl=us
what is docker for mac,google-autocomplete,2026-09-24,hl=en gl=us
whatsapp mac storage,google-autocomplete,2026-09-24,hl=en gl=us
whatsapp mac storage location,google-autocomplete,2026-09-24,hl=en gl=us
whatsapp macos storage,google-autocomplete,2026-09-24,hl=en gl=us
where are steam games stored mac,google-autocomplete,2026-09-24,hl=en gl=us
where does mac keep screenshots,google-autocomplete,2026-09-24,hl=en gl=us
where mac saves screenshots,google-autocomplete,2026-09-24,hl=en gl=us
where to store music files on mac,google-autocomplete,2026-09-24,hl=en gl=us
why does telegram use so much storage,google-autocomplete,2026-09-24,hl=en gl=us
xcode storage,google-autocomplete,2026-09-24,hl=en gl=us
xcode storage core data,google-autocomplete,2026-09-24,hl=en gl=us
xcode storage none,google-autocomplete,2026-09-24,hl=en gl=us
xcode storage options,google-autocomplete,2026-09-24,hl=en gl=us
xcode storage requirements,google-autocomplete,2026-09-24,hl=en gl=us
xcode storage size,google-autocomplete,2026-09-24,hl=en gl=us
xcode storage space,google-autocomplete,2026-09-24,hl=en gl=us
xcode storage swiftdata,google-autocomplete,2026-09-24,hl=en gl=us
xcode storage swiftdata vs coredata,google-autocomplete,2026-09-24,hl=en gl=us
xcode storage usage,google-autocomplete,2026-09-24,hl=en gl=us
