keyword,target_url,cluster,search_intent,intent_strength,product_fit,demand_evidence,evidence_url,priority,monthly_volume,geography,research_date
how to clear system data on mac,https://cleardisk.app/clear-system-data-on-mac,System Data cleanup,informational how-to,high,high,Topic observed in public search results; phrase is an unmeasured editorial variant,https://www.macworld.com/article/676493/how-to-delete-system-data-mac.html,P1,unverified,English global; US commercial priority assumption,2026-09-05
delete system data mac safely,https://cleardisk.app/clear-system-data-on-mac,System Data cleanup,informational how-to,high,high,Topic observed in public search results; phrase is an unmeasured editorial variant,https://www.macworld.com/article/676493/how-to-delete-system-data-mac.html,P1,unverified,English global; US commercial priority assumption,2026-09-05
free up system data macbook,https://cleardisk.app/clear-system-data-on-mac,System Data cleanup,informational how-to,high,high,Topic observed in public search results; phrase is an unmeasured editorial variant,https://www.macworld.com/article/676493/how-to-delete-system-data-mac.html,P1,unverified,English global; US commercial priority assumption,2026-09-05
what is system data on mac,https://cleardisk.app/what-is-system-data-on-mac,System Data explanation,informational explanation,medium,high,Topic observed in public search results; phrase is an unmeasured editorial variant,https://www.macworld.com/article/676493/how-to-delete-system-data-mac.html,P1,unverified,English global; US commercial priority assumption,2026-09-05
what counts as system data mac,https://cleardisk.app/what-is-system-data-on-mac,System Data explanation,informational explanation,medium,high,Topic observed in public search results; phrase is an unmeasured editorial variant,https://www.macworld.com/article/676493/how-to-delete-system-data-mac.html,P1,unverified,English global; US commercial priority assumption,2026-09-05
is system data on mac safe to delete,https://cleardisk.app/what-is-system-data-on-mac,System Data explanation,informational explanation,medium,high,Topic observed in public search results; phrase is an unmeasured editorial variant,https://www.macworld.com/article/676493/how-to-delete-system-data-mac.html,P1,unverified,English global; US commercial priority assumption,2026-09-05
system data 100gb mac,https://cleardisk.app/system-data-too-large,Large System Data,informational troubleshooting,high,high,Topic observed in public search results; phrase is an unmeasured editorial variant,https://discussions.apple.com/thread/255976728,P1,unverified,English global; US commercial priority assumption,2026-09-05
system data 200gb mac,https://cleardisk.app/system-data-too-large,Large System Data,informational troubleshooting,high,high,Topic observed in public search results; phrase is an unmeasured editorial variant,https://discussions.apple.com/thread/255976728,P1,unverified,English global; US commercial priority assumption,2026-09-05
system data taking half my mac storage,https://cleardisk.app/system-data-too-large,Large System Data,informational troubleshooting,high,high,Topic observed in public search results; phrase is an unmeasured editorial variant,https://discussions.apple.com/thread/255976728,P1,unverified,English global; US commercial priority assumption,2026-09-05
system data keeps growing mac,https://cleardisk.app/system-data-keeps-growing,Recurring growth,informational troubleshooting,high,high,Topic observed in public search results; phrase is an unmeasured editorial variant,https://www.reddit.com/r/MacOS/comments/1rj6xp9/system_data_is_expanded_to_over_half_of_storage/,P1,unverified,English global; US commercial priority assumption,2026-09-05
mac storage keeps filling up,https://cleardisk.app/system-data-keeps-growing,Recurring growth,informational troubleshooting,high,high,Topic observed in public search results; phrase is an unmeasured editorial variant,https://www.reddit.com/r/MacOS/comments/1rj6xp9/system_data_is_expanded_to_over_half_of_storage/,P1,unverified,English global; US commercial priority assumption,2026-09-05
system data grows after cleanup,https://cleardisk.app/system-data-keeps-growing,Recurring growth,informational troubleshooting,high,high,Topic observed in public search results; phrase is an unmeasured editorial variant,https://www.reddit.com/r/MacOS/comments/1rj6xp9/system_data_is_expanded_to_over_half_of_storage/,P1,unverified,English global; US commercial priority assumption,2026-09-05
mac storage full what to delete,https://cleardisk.app/mac-storage-full,Urgent storage pressure,informational troubleshooting,high,high,Topic observed in public search results; phrase is an unmeasured editorial variant,https://support.apple.com/en-us/102624,P1,unverified,English global; US commercial priority assumption,2026-09-05
mac startup disk full,https://cleardisk.app/mac-storage-full,Urgent storage pressure,informational troubleshooting,high,high,Topic observed in public search results; phrase is an unmeasured editorial variant,https://support.apple.com/en-us/102624,P1,unverified,English global; US commercial priority assumption,2026-09-05
not enough space to update mac,https://cleardisk.app/mac-storage-full,Urgent storage pressure,informational troubleshooting,high,high,Topic observed in public search results; phrase is an unmeasured editorial variant,https://support.apple.com/en-us/102624,P1,unverified,English global; US commercial priority assumption,2026-09-05
find large files on mac,https://cleardisk.app/find-large-files-on-mac,Large file discovery,informational how-to,high,high,Topic observed in public search results; phrase is an unmeasured editorial variant,https://support.apple.com/en-mide/guide/mac-help/syspf5a64aa6/mac,P1,unverified,English global; US commercial priority assumption,2026-09-05
find what is taking up space on mac,https://cleardisk.app/find-large-files-on-mac,Large file discovery,informational how-to,high,high,Topic observed in public search results; phrase is an unmeasured editorial variant,https://support.apple.com/en-mide/guide/mac-help/syspf5a64aa6/mac,P1,unverified,English global; US commercial priority assumption,2026-09-05
sort mac files by size,https://cleardisk.app/find-large-files-on-mac,Large file discovery,informational how-to,high,high,Topic observed in public search results; phrase is an unmeasured editorial variant,https://support.apple.com/en-mide/guide/mac-help/syspf5a64aa6/mac,P1,unverified,English global; US commercial priority assumption,2026-09-05
delete iphone backups mac,https://cleardisk.app/delete-iphone-backups-on-mac,Local device backups,informational how-to,high,medium,Topic observed in public search results; phrase is an unmeasured editorial variant,https://support.apple.com/en-us/108809,P2,unverified,English global; US commercial priority assumption,2026-09-05
where are iphone backups stored on mac,https://cleardisk.app/delete-iphone-backups-on-mac,Local device backups,informational how-to,high,medium,Topic observed in public search results; phrase is an unmeasured editorial variant,https://support.apple.com/en-us/108809,P2,unverified,English global; US commercial priority assumption,2026-09-05
remove old ipad backups mac,https://cleardisk.app/delete-iphone-backups-on-mac,Local device backups,informational how-to,high,medium,Topic observed in public search results; phrase is an unmeasured editorial variant,https://support.apple.com/en-us/108809,P2,unverified,English global; US commercial priority assumption,2026-09-05
icloud drive taking up space on mac,https://cleardisk.app/icloud-drive-taking-up-space-on-mac,Cloud and local storage,informational troubleshooting,high,low,Topic observed in public search results; phrase is an unmeasured editorial variant,https://support.apple.com/en-au/guide/mac-help/mchl1a02d711/mac,P2,unverified,English global; US commercial priority assumption,2026-09-05
remove icloud download without deleting file mac,https://cleardisk.app/icloud-drive-taking-up-space-on-mac,Cloud and local storage,informational troubleshooting,high,low,Topic observed in public search results; phrase is an unmeasured editorial variant,https://support.apple.com/en-au/guide/mac-help/mchl1a02d711/mac,P2,unverified,English global; US commercial priority assumption,2026-09-05
icloud optimize mac storage still full,https://cleardisk.app/icloud-drive-taking-up-space-on-mac,Cloud and local storage,informational troubleshooting,high,low,Topic observed in public search results; phrase is an unmeasured editorial variant,https://support.apple.com/en-au/guide/mac-help/mchl1a02d711/mac,P2,unverified,English global; US commercial priority assumption,2026-09-05
what is purgeable space on mac,https://cleardisk.app/purgeable-space-on-mac,Purgeable capacity,informational explanation,medium,low,Topic observed in public search results; phrase is an unmeasured editorial variant,https://support.apple.com/en-mide/guide/mac-help/syspf5a64aa6/mac,P2,unverified,English global; US commercial priority assumption,2026-09-05
mac free space versus available space,https://cleardisk.app/purgeable-space-on-mac,Purgeable capacity,informational explanation,medium,low,Topic observed in public search results; phrase is an unmeasured editorial variant,https://support.apple.com/en-mide/guide/mac-help/syspf5a64aa6/mac,P2,unverified,English global; US commercial priority assumption,2026-09-05
mac storage not updating after deleting files,https://cleardisk.app/mac-storage-not-updating-after-deleting-files,Space after deletion,informational troubleshooting,high,medium,Topic observed in public search results; phrase is an unmeasured editorial variant,https://discussions.apple.com/thread/255976728,P1,unverified,English global; US commercial priority assumption,2026-09-05
mac still full after emptying trash,https://cleardisk.app/mac-storage-not-updating-after-deleting-files,Space after deletion,informational troubleshooting,high,medium,Topic observed in public search results; phrase is an unmeasured editorial variant,https://discussions.apple.com/thread/255976728,P1,unverified,English global; US commercial priority assumption,2026-09-05
deleted files but no space freed mac,https://cleardisk.app/mac-storage-not-updating-after-deleting-files,Space after deletion,informational troubleshooting,high,medium,Topic observed in public search results; phrase is an unmeasured editorial variant,https://discussions.apple.com/thread/255976728,P1,unverified,English global; US commercial priority assumption,2026-09-05
move photos library to external drive mac,https://cleardisk.app/move-photos-library-to-external-drive,Photos library relocation,informational how-to,high,low,Topic observed in public search results; phrase is an unmeasured editorial variant,https://support.apple.com/en-us/108345,P2,unverified,English global; US commercial priority assumption,2026-09-05
photos library taking up too much space mac,https://cleardisk.app/move-photos-library-to-external-drive,Photos library relocation,informational how-to,high,low,Topic observed in public search results; phrase is an unmeasured editorial variant,https://support.apple.com/en-us/108345,P2,unverified,English global; US commercial priority assumption,2026-09-05
clear xcode derived data,https://cleardisk.app/clear-xcode-derived-data,Generated build data,informational how-to,high,high,Topic observed in public search results; phrase is an unmeasured editorial variant,https://developer.apple.com/videos/play/wwdc2026/8013/,P1,unverified,English global; US commercial priority assumption,2026-09-05
xcode derived data location mac,https://cleardisk.app/clear-xcode-derived-data,Generated build data,informational how-to,high,high,Topic observed in public search results; phrase is an unmeasured editorial variant,https://developer.apple.com/videos/play/wwdc2026/8013/,P1,unverified,English global; US commercial priority assumption,2026-09-05
can i delete derived data xcode,https://cleardisk.app/clear-xcode-derived-data,Generated build data,informational how-to,high,high,Topic observed in public search results; phrase is an unmeasured editorial variant,https://developer.apple.com/videos/play/wwdc2026/8013/,P1,unverified,English global; US commercial priority assumption,2026-09-05
remove unused ios simulators,https://cleardisk.app/remove-unused-ios-simulators,Simulator storage,informational how-to,high,medium,Topic observed in public search results; phrase is an unmeasured editorial variant,https://developer.apple.com/documentation/safari-developer-tools/adding-additional-simulators,P1,unverified,English global; US commercial priority assumption,2026-09-05
delete old xcode simulator runtimes,https://cleardisk.app/remove-unused-ios-simulators,Simulator storage,informational how-to,high,medium,Topic observed in public search results; phrase is an unmeasured editorial variant,https://developer.apple.com/documentation/safari-developer-tools/adding-additional-simulators,P1,unverified,English global; US commercial priority assumption,2026-09-05
xcode simulator taking up space mac,https://cleardisk.app/remove-unused-ios-simulators,Simulator storage,informational how-to,high,medium,Topic observed in public search results; phrase is an unmeasured editorial variant,https://developer.apple.com/documentation/safari-developer-tools/adding-additional-simulators,P1,unverified,English global; US commercial priority assumption,2026-09-05
docker raw taking up space mac,https://cleardisk.app/clean-docker-disk-space-mac,Docker storage,informational troubleshooting,high,medium,Topic observed in public search results; phrase is an unmeasured editorial variant,https://docs.docker.com/desktop/troubleshoot-and-support/faqs/macfaqs/,P1,unverified,English global; US commercial priority assumption,2026-09-05
clean docker disk space mac without deleting volumes,https://cleardisk.app/clean-docker-disk-space-mac,Docker storage,informational troubleshooting,high,medium,Topic observed in public search results; phrase is an unmeasured editorial variant,https://docs.docker.com/desktop/troubleshoot-and-support/faqs/macfaqs/,P1,unverified,English global; US commercial priority assumption,2026-09-05
find node_modules folders mac,https://cleardisk.app/find-node-modules-folders-mac,Project dependencies,informational how-to,high,high,Topic observed in public search results; phrase is an unmeasured editorial variant,https://code-cleaner.com/find-delete-node-modules-mac,P1,unverified,English global; US commercial priority assumption,2026-09-05
node_modules taking up disk space mac,https://cleardisk.app/find-node-modules-folders-mac,Project dependencies,informational how-to,high,high,Topic observed in public search results; phrase is an unmeasured editorial variant,https://code-cleaner.com/find-delete-node-modules-mac,P1,unverified,English global; US commercial priority assumption,2026-09-05
clear browser cache mac without cookies,https://cleardisk.app/clear-browser-cache-mac,Browser storage,informational how-to,high,low,Topic observed in public search results; phrase is an unmeasured editorial variant,https://support.google.com/chrome/answer/2392709?hl=en,P3,unverified,English global; US commercial priority assumption,2026-09-05
clear safari chrome firefox cache mac,https://cleardisk.app/clear-browser-cache-mac,Browser storage,informational how-to,high,low,Topic observed in public search results; phrase is an unmeasured editorial variant,https://support.google.com/chrome/answer/2392709?hl=en,P3,unverified,English global; US commercial priority assumption,2026-09-05
photoshop scratch disk full mac,https://cleardisk.app/photoshop-scratch-disk-full-mac,Creative scratch storage,informational troubleshooting,high,medium,Topic observed in public search results; phrase is an unmeasured editorial variant,https://helpx.adobe.com/photoshop/desktop/troubleshoot/performance-stability-issues/troubleshoot-scratch-disk-full-errors-in-photoshop.html,P2,unverified,English global; US commercial priority assumption,2026-09-05
change photoshop scratch disk mac,https://cleardisk.app/photoshop-scratch-disk-full-mac,Creative scratch storage,informational troubleshooting,high,medium,Topic observed in public search results; phrase is an unmeasured editorial variant,https://helpx.adobe.com/photoshop/desktop/troubleshoot/performance-stability-issues/troubleshoot-scratch-disk-full-errors-in-photoshop.html,P2,unverified,English global; US commercial priority assumption,2026-09-05
